id,first_name,last_name,gender,email,,,,,,,,,,,,,,,,,email
111111,John,Doe,M,jdoe@example.com,,,,,,,,,,,,,,,,,jdoe@example.com
111112,Jane,Smith,F,jsmith@example.com,,,,,,,,,,,,,,,,,jsmith@example.com
111113,Sarah,Thomas,M,sthomas@example.com,,,,,,,,,,,,,,,,,sthomas@example.com
111114,Frank,Brown,M,fbrown@example.com,,,,,,,,,,,,,,,,,fbrown@example.com
111115,Mike,Davis,F,mdavis@example.com,,,,,,,,,,,,,,,,,mdavis@example.com
111116,Jennifer,Wilson,M,jwilson@example.com,,,,,,,,,,,,,,,,,jwilson@example.com
111117,Jessica,Garcia,F,jgarcia@example.com,,,,,,,,,,,,,,,,,jgarcia@example.com
111118,Fred,Clark,F,fclark@example.com,,,,,,,,,,,,,,,,,fclark@example.com
111119,Bob,Lopez,F,blopez@example.com,,,,,,,,,,,,,,,,,blopez@example.com
